"Fileno";"Goodsno";"ImgFileName1";"ImgFileFakeName1";"ImgFileName2";"ImgFileFakeName2";"ImgFileName3";"ImgFileFakeName3";"ImgFileName4";"ImgFileFakeName4";"ImgFileName5";"ImgFileFakeName5";"ImgFileName6";"ImgFileFakeName6"
8;10;"img01.jpg";"img01_c5b823fc-36de-4309-8242-a1ffe7b766a8.jpg";"img02.jpg";"img02_5a594c24-41f3-4e1a-8918-9125c6b28885.jpg";"img03.jpg";"img03_308ac9b1-a578-4063-8620-5d609fa8379f.jpg";"";"";"";"";"img06.jpg";"img06_e69d10e8-e9fc-409f-bbbe-0ae8974a579c.jpg"
9;11;"img04.jpg";"img04_467b761d-49bd-40f2-a1d5-1d47632fa2f5.jpg";"img03.jpg";"img03_71991a20-95ba-40f2-80f4-012bf4b46063.jpg";"img02.jpg";"img02_d6f4fdb4-e935-4253-861a-49046cfac829.jpg";"";"";"";"";"img06.jpg";"img06_75a576ef-c44c-46a0-858e-dc000d38e764.jpg"
10;12;"img04.jpg";"img04_e2166b5f-cdbc-489e-abfd-6c1065fde6a2.jpg";"img02.jpg";"img02_90064e30-2102-4a84-aa12-cf2b3b30c4b6.jpg";"img03.jpg";"img03_6efde358-41c0-44b8-847f-b4e19c6677be.jpg";"";"";"";"";"img06.jpg";"img06_3b950da1-ac7f-41ec-b8c8-823fbad46ed9.jpg"
11;13;"img01.jpg";"img01_3a747890-cca8-4472-9455-340326777bc5.jpg";"img02.jpg";"img02_b69c1063-ac31-4d56-a8a8-ea4b32ee90fb.jpg";"";"";"";"";"";"";"img06.jpg";"img06_f154ac47-a94f-4fed-97bc-a7ecd2b7a8a8.jpg"
12;14;"img04.jpg";"img04_77a6590c-60d3-4e8b-b615-479bd270166e.jpg";"img02.jpg";"img02_b181fc1e-2968-44d4-abc3-948c45181147.jpg";"img03.jpg";"img03_36c097ac-bf9c-4121-81b0-e03392537705.jpg";"";"";"";"";"img06.jpg";"img06_4c0a42ab-ffec-48c4-8ded-61cd77efd23e.jpg"
13;15;"img11.jpg";"img11_3c9cb2ef-5c1e-4dc9-8a8a-076935716223.jpg";"img12.jpg";"img12_4abc3e58-8601-4e15-91b8-5c4b91892cd3.jpg";"img13.jpg";"img13_156c9716-f623-4292-ab60-253072e78b65.jpg";"";"";"";"";"img16.jpg";"img16_31269573-94c1-48f9-9df8-b24021ad644c.jpg"
14;16;"img14.jpg";"img14_55f2e3fb-f93f-4875-80b6-fb7129dcd4c7.jpg";"img12.jpg";"img12_791054c9-8649-4d88-9116-3ac10ee67941.jpg";"img13.jpg";"img13_d9af7c5e-6f76-4c26-9e09-a38d1b6e1779.jpg";"";"";"";"";"img16.jpg";"img16_84cb3cc5-685f-4e7e-bc68-c17ea798b4d8.jpg"
15;17;"img14.jpg";"img14_75da242a-9c63-43a8-a40e-3515ed712f32.jpg";"";"";"";"";"";"";"";"";"img16.jpg";"img16_699de266-022c-4417-a600-23ec47345bdf.jpg"
16;18;"img21.jpg";"img21_9fa6dcc0-e6ae-404c-8054-173f10519b5a.jpg";"img21.jpg";"img21_fbd63fec-1eb6-4910-886e-80db6fe86517.jpg";"img22.jpg";"img22_91133327-0cdc-4cf1-85cc-30d1daa942c6.jpg";"img23.jpg";"img23_69f21c80-e4fe-417a-9948-840d58cbe9ad.jpg";"";"";"img26.jpg";"img26_62f30997-ad9a-483a-92a0-6046438aa4cc.jpg"
17;19;"img31.jpg";"img31_90d9a8a5-5bb1-43c7-9823-78d48624eb06.jpg";"img31.jpg";"img31_907ca90c-08ec-4d42-bdd1-1ac1207bfb78.jpg";"img32.jpg";"img32_55418f61-b717-4f85-87f3-79d639f6f8da.jpg";"img33.jpg";"img33_aefd74af-3f7b-4d4f-bdcf-89a80b183f32.jpg";"";"";"img36.jpg";"img36_85c17853-ca99-406e-aefb-6c14afec8f06.jpg"
18;20;"img51.jpg";"img51_817d6b0b-b5b9-40c9-ad9c-a4a79bb5af2c.jpg";"img51.jpg";"img51_d7b64a76-d6f4-4acb-bc8f-d93fcb7784b7.jpg";"img52.jpg";"img52_49d5cb80-67bf-4f08-a587-afb6e82df535.jpg";"";"";"";"";"img56.jpg";"img56_961f05ac-ade5-4990-9523-633e48e2aad2.jpg"
19;21;"anjelina.jpg";"anjelina_400470a4-dc41-479d-b732-640a24bbf022.jpg";"anjelina.jfif";"anjelina_692a5296-c6c2-4d1e-958f-d27a0dce72a0.jfif";"background24.jpg";"background24_4242274a-7380-4193-968d-4e524e08444e.jpg";"brad.jfif";"brad_81ab7d45-61f1-474d-8a69-9c7eb4f10ba5.jfif";"";"";"7499.jpg";"7499_0ab67a8c-7f36-4b8f-9c2c-5feb6a3f4f51.jpg"
